ID,Nom,Prix (MAD),Marque,Image URL,Lien Produit
1,"BATTERIE DE VOITURE S5 A15 BOSCH AGM 12V 105AH",3600.0,BOSCH,"https://batteryshop.ma/wp-content/uploads/2024/03/bosch-s5a15-1-2-300x300.webp","https://batteryshop.ma/shop/batteries-voitures/batterie-de-voiture-s5-a15-bosch-agm-12v-105ah/"
2,"VARTA H15 A4 L6 AGM START STOP 12V 105 Ah 950A BATTERIE VOITURE",3600.0,VARTA,"https://batteryshop.ma/wp-content/uploads/2021/11/Nouvarta-H15-300x300veau-projet-1-300x300.webp","https://batteryshop.ma/shop/batteries-voitures/varta-h15-a4-l6-agm-start-stop-12v-105-ah-950a-batterie-voiture/"
3,"Duracell Extreme AGM Start Stop DE105AGM 105 Ah 950 A",3450.0,DURACELL,"https://batteryshop.ma/wp-content/uploads/2024/03/Duracell-Extreme-AGM-Start-Stop-DE105AGM-1-300x300.webp","https://batteryshop.ma/shop/batteries-voitures/duracell-extreme-agm-de105agm/"
4,"OPTIMA RED TOP Batterie RTS4.2 AGM 50 AH 815 A",3400.0,OPTIMA,"https://batteryshop.ma/wp-content/uploads/2022/03/OPTIMA-RED-TOP-Batterie-RTS4.2-1-1-300x300.webp","https://batteryshop.ma/shop/batteries-voitures/optima-red-top-batterie-rts4-2-agm-50-ah-815-a/"
5,"OPTIMA RED TOP Batterie RTC 4.2 AGM 50 AH 815 A",3400.0,OPTIMA,"https://batteryshop.ma/wp-content/uploads/2022/03/OPTIMA-RED-TOP-Batterie-RTC-4.2-1-1-300x300.webp","https://batteryshop.ma/shop/batteries-voitures/optima-red-top-batterie-rtc-4-2-agm-50-ah-815-a/"
6,"VARTA G14 A5 L5 AGM START STOP 12V 95 Ah 850 A BATTERIE VOITURE",3400.0,VARTA,"https://batteryshop.ma/wp-content/uploads/2021/05/varta-G14-300x300.webp","https://batteryshop.ma/shop/batteries-voitures/varta-g14-a5-l5-agm-start-stop-12v-95-ah-850-a-batterie-voiture/"
7,"Batterie auto S5A13 12V 95Ah / 850 BOSCH L5 AGM START-STOP",3300.0,BOSCH,"https://batteryshop.ma/wp-content/uploads/2022/09/Batterie-auto-S5A13-12V-95Ah-300x300.webp","https://batteryshop.ma/shop/batteries-voitures/batterie-auto-s5a13-12v-95ah-850-bosch-l5-agm-start-stop/"
8,"Duracell Extreme DE92 L5 AGM Start-Stop 12 V 92 Ah 850 A Batterie Voiture",3250.0,DURACELL,"https://batteryshop.ma/wp-content/uploads/2022/06/Duracell-Extreme-DE92-L5-AGM-1-300x300.webp","https://batteryshop.ma/shop/batteries-voitures/duracell-extreme-de92-l5-agm-start-stop-12-v-92-ah-850-a-batterie-voiture/"
9,"EXIDE START STOP EK1050 L6 AGM 105Ah 950 A Batterie Voiture",2950.0,EXIDE,"https://batteryshop.ma/wp-content/uploads/2022/03/EXIDE-START-STOP-EK1050-L6-AGM-maroc-300x300.webp","https://batteryshop.ma/shop/batteries-voitures/exide-start-stop-ek1050-l6-agm105ah-950-a-batterie-voiture/"
10,"VARTA A6 F21 L4 AGM START STOP 12V 80 Ah 800 A BATTERIE VOITURE",2900.0,VARTA,"https://batteryshop.ma/wp-content/uploads/2021/05/varta-A6-1-300x300.webp","https://batteryshop.ma/shop/batteries-voitures/varta-a6-l4-agm-start-stop-12v-80-ah-800-a-batterie-voiture/"
11,"Batterie auto S5A11 12V 80Ah / 800A BOSCH AGM START-STOP L4",2800.0,BOSCH,"https://batteryshop.ma/wp-content/uploads/2022/09/Batterie-auto-S5A11-12V-80Ah-1-3-300x300.webp","https://batteryshop.ma/shop/batteries-voitures/batterie-auto-s5a11-12v-80ah-800a-bosch-agm-start-stop-l4/"
12,"Duracell Extreme DE80 L4 AGM Start-Stop 12 V 80 Ah 800 A Batterie Voiture",2750.0,DURACELL,"https://batteryshop.ma/wp-content/uploads/2022/06/Duracell-Extreme-DE80-5-300x300.webp","https://batteryshop.ma/shop/batteries-voitures/duracell-extreme-de80-l4-agm-start-stop-12-v-80-ah-800-a-batterie-voiture/"
13,"FIAMM VR850 FM L5 AGM 12V 95AH 850A BATTERIE VOITURE",2550.0,FIAMM,"https://batteryshop.ma/wp-content/uploads/2025/04/FIAMM-L5-AGM-300x300.jpg","https://batteryshop.ma/shop/batteries-voitures/fiamm-vr850-l5-agm-fm-l5-agm-12v-95ah-850a-batterie-voiture/"
14,"EXIDE EK950 L5 AGM START STOP 12V 95 Ah 850 A BATTERIE VOITURE",2550.0,EXIDE,"https://batteryshop.ma/wp-content/uploads/2021/05/EXIDE-EK950-L5-AGM-START-STOP-1-300x300.webp","https://batteryshop.ma/shop/batteries-voitures/exide-ek950-l5-agm-start-stop-12v-95-ah-850-a-batterie-voiture/"
15,"TUDOR TK950 L5 AGM START STOP 12V 95Ah 850A Batterie voiture",2500.0,TUDOR,"https://batteryshop.ma/wp-content/uploads/2025/04/TUDOR-TK950-300x300.jpg","https://batteryshop.ma/shop/batteries-voitures/tudor-tk950-l5-agm-start-stop-12v-95ah-850a-batterie-voiture/"
16,"VARTA A7 L3 AGM START STOP 12V 70 Ah 760 A BATTERIE VOITURE",2400.0,VARTA,"https://batteryshop.ma/wp-content/uploads/2021/05/VARTA-A7-L3-2-300x300.webp","https://batteryshop.ma/shop/batteries-voitures/varta-a7-l3-agm-start-stop-12v-70-ah-760-a-batterie-voiture/"
17,"BOSCH S4E11 EFB 12V 80 AH 800 A BATTERIE AUTO",2300.0,BOSCH,"https://batteryshop.ma/wp-content/uploads/2025/05/BOSCH-S4E11-e1748346312285-300x300.jpg","https://batteryshop.ma/shop/batteries-voitures/bosch-s4e11-efb-12v-80-ah-800-a-batterie-auto/"
18,"FIAMM VR800 FM L4 AGM 12V 80AH 800A BATTERIE VOITURE",2300.0,FIAMM,"https://batteryshop.ma/wp-content/uploads/2025/04/FIAMM-L4-AGM-300x300.jpg","https://batteryshop.ma/shop/batteries-voitures/fiamm-vr800-l4-agm-12v-80ah-800a-batterie-voiture/"
19,"La Batterie VARTA E46 Blue Dynamic 12V 75Ah",2300.0,VARTA,"https://batteryshop.ma/wp-content/uploads/2022/07/La-Batterie-VARTA-E46-maroc-300x300.webp","https://batteryshop.ma/shop/batteries-voitures/la-batterie-varta-e46-blue-dynamic-12v-75ah/"
20,"EXIDE EK800 L4 AGM START STOP 12V 80 Ah 800 A BATTERIE VOITURE",2250.0,EXIDE,"https://batteryshop.ma/wp-content/uploads/2021/05/EXIDE-EK800-L4-AGM-START-STOP-1-300x300.webp","https://batteryshop.ma/shop/batteries-voitures/exide-ek800-l4-agm-start-stop-12v-80-ah-800-a-batterie-voiture/"
21,"FREEBATT FB L5 EFB START STOP 12V 95Ah 850A BATTERIE VOITURE",2200.0,FREEBATT,"https://batteryshop.ma/wp-content/uploads/2025/05/Freebatt-L5-Layout-0-EFB-217215-1000x1000-150p-300x300.png","https://batteryshop.ma/shop/batteries-voitures/freebatt-fb-l5-efb-start-stop-12v-95ah-850a-batterie-voiture/"
22,"TUDOR TK800 L4 AGM START STOP 12V 80Ah 800A Batterie voiture",2200.0,TUDOR,"https://batteryshop.ma/wp-content/uploads/2025/04/TUDOR-TK800-e1744024535760-300x300.png","https://batteryshop.ma/shop/batteries-voitures/tudor-tk800-l4-agm-start-stop-12v-80ah-800a-batterie-voiture/"
23,"BATTERIE BOSCH EFB S4E10 12V 75AH 730A",2200.0,BOSCH,"https://batteryshop.ma/wp-content/uploads/2024/03/BATTERIE-BOSCH-EFB-S4E10-300x300.webp","https://batteryshop.ma/shop/batteries-voitures/batterie-bosch-efb-s4e10-12v-75ah-730a/"
24,"Duracell EFB DE75EFB LB4 Start Stop 75AH 730A",2200.0,DURACELL,"https://batteryshop.ma/wp-content/uploads/2024/03/Duracell-EFB-DE75EFB-3-300x300.webp","https://batteryshop.ma/shop/batteries-voitures/duracell-extreme-efb-de75efb/"
25,"Batterie auto S5A08 12V 70Ah / 760A BOSCH L3 AGM START-STOP",2200.0,BOSCH,"https://batteryshop.ma/wp-content/uploads/2022/09/Batterie-auto-S5A08-300x300.webp","https://batteryshop.ma/shop/batteries-voitures/batterie-auto-s5a08-12v-70ah-760a-bosch-agm-start-stop-l3/"
26,"Duracell Extreme DE70 L3 AGM Start Stop 70 Ah 720 A Batterie Voiture",2200.0,DURACELL,"https://batteryshop.ma/wp-content/uploads/2022/06/Duracell-Extreme-DE70-1-1-300x300.webp","https://batteryshop.ma/shop/batteries-voitures/duracell-extreme-de70-l3-agm-start-stop-70-ah-720-a-batterie-voiture/"
27,"VARTA I1 L6 12V 110 Ah 920 A BATTERIE VOITURE",2200.0,VARTA,"https://batteryshop.ma/wp-content/uploads/2021/05/VARTA-I1-L6-2-300x300.webp","https://batteryshop.ma/shop/batteries-voitures/varta-i1-l6-12v-920-ah-920-a-batterie-voiture/"
28,"VARTA N70 L3 EFB START STOP 12V 70 Ah 760 A BATTERIE VOITURE",2200.0,VARTA,"https://batteryshop.ma/wp-content/uploads/2021/05/batterie-varta-n70-300x300.webp","https://batteryshop.ma/shop/batteries-voitures/varta-n70-l3-efb-start-stop-12v-70-ah-760-a-batterie-voiture/"
29,"TUDOR L5 EFB TL1000 – 100AH – 900A 12V BATTERIE Voiture",2060.0,TUDOR,"https://batteryshop.ma/wp-content/uploads/2021/11/TUDOR-L5-EFB-1-300x300.webp","https://batteryshop.ma/shop/batteries-voitures/tudor-l5-efb-tl1000-100ah-900a-12v-batterie-automobile/"
30,"VARTA D52 L2 AGM START STOP 12V 60Ah 680A Batterie Voiture",2050.0,VARTA,"https://batteryshop.ma/wp-content/uploads/2022/12/VARTA-D52-L2-AGM-START-STOP-300x300.webp","https://batteryshop.ma/shop/batteries-voitures/varta-d52-l2-agm-start-stop-12v-60ah-680a-batterie-voiture/"
31,"BOSCH S4E08 EFB 12V 70 AH 760 A BATTERIE AUTO",2000.0,BOSCH,"https://batteryshop.ma/wp-content/uploads/2025/04/BOSCH-S4E10-300x300.jpg","https://batteryshop.ma/shop/batteries-voitures/bosch-s4e08-efb-12v-70-ah-760-a-batterie-auto/"
32,"VARTA A8 L2 AGM 12 V 60 Ah 680 A BATTERIE VOITURE",2000.0,VARTA,"https://batteryshop.ma/wp-content/uploads/2025/04/VARTA-A8-300x300.jpeg","https://batteryshop.ma/shop/batteries-voitures/varta-a8-l2-agm-start-stop-12v-60ah-680a-batterie-voiture/"
33,"FIAMM VR760 FM L3 AGM 70 AH 760 A BATTERIE VOITURE",1900.0,FIAMM,"https://batteryshop.ma/wp-content/uploads/2025/04/FIAMM-VR760-2-300x300.jpg","https://batteryshop.ma/shop/batteries-voitures/fiamm-vr760-l3-agm-fm-l3-agm-70-ah-760-a-batterie-voiture/"
34,"Batterie auto S5013 L5 12V 100Ah / 830A BOSCH",1900.0,BOSCH,"https://batteryshop.ma/wp-content/uploads/2022/09/Batterie-auto-S5013-L5-1-300x300.webp","https://batteryshop.ma/shop/batteries-voitures/batterie-auto-s5013-l5-12v-100ah-830a-bosch/"
35,"VARTA H3 L5 12V 100 Ah 830 A BATTERIE VOITURE",1900.0,VARTA,"https://batteryshop.ma/wp-content/uploads/2021/05/batterie-varta-h3-1-300x300.webp","https://batteryshop.ma/shop/batteries-voitures/varta-h3-l5-12v-100-ah-830-a-batterie-voiture/"
36,"EXIDE EXCEL EB1100 L6 12V 110 Ah 850 A BATTERIE VOITURE",1850.0,EXIDE,"https://batteryshop.ma/wp-content/uploads/2021/08/EXIDE-EXCEL-EB1100-L6-300x300.webp","https://batteryshop.ma/shop/batteries-voitures/exide-excel-eb1100-l6-12v-110-ah-850-a-batterie-voiture/"
37,"EXIDE EK700 L3 AGM START STOP 12V 70 Ah 760 A BATTERIE VOITURE",1850.0,EXIDE,"https://batteryshop.ma/wp-content/uploads/2021/05/EXIDE-EK700-L3-AGM-START-STOP-300x300.webp","https://batteryshop.ma/shop/batteries-voitures/exide-ek700-l3-agm-start-stop-12v-70-ah-760-a-batterie-voiture/"
38,"FREEBATT FB L4 EFB START STOP 12V 80Ah 800A BATTERIE VOITURE",1800.0,FREEBATT,"https://batteryshop.ma/wp-content/uploads/2025/05/Freebatt-L4-Layout-0-EFB-217214-1000x1000-150p-300x300.png","https://batteryshop.ma/shop/batteries-voitures/freebatt-fb-l4-efb-start-stop-12v-80ah-800a-batterie-voiture/"
39,"TUDOR TK700 L3 AGM START STOP 12V 70Ah 760A Batterie voiture",1800.0,TUDOR,"https://batteryshop.ma/wp-content/uploads/2025/04/TUDOR-TK700--300x300.jpg","https://batteryshop.ma/shop/batteries-voitures/tudor-tk700-l3-agm-start-stop-12v-70ah-760a-batterie-voiture/"
40,"Duracell Advanced DA100 L5 12 V 100 Ah 850 A Batterie Voiture",1800.0,DURACELL,"https://batteryshop.ma/wp-content/uploads/2022/06/Duracell-Advanced-DA100-3-2-300x300.webp","https://batteryshop.ma/shop/batteries-voitures/duracell-advanced-da100-l5-12-v-100-ah-850-a-batterie-voiture/"
41,"AD L3 AGM 12 V 70 AH 760 A BATTERIE VOITURE",1750.0,AD,"https://batteryshop.ma/wp-content/uploads/2025/04/AD_L3_AGM-removebg-preview-e1744299363306-300x300.png","https://batteryshop.ma/shop/batteries-voitures/ad-l3-agm-12-v-70-ah-760-a-batterie-voiture/"
42,"Batterie auto S4029 M11 12V 95Ah / 830A BOSCH",1700.0,BOSCH,"https://batteryshop.ma/wp-content/uploads/2023/02/batterie-bosch-s4029-300x300.webp","https://batteryshop.ma/shop/batteries-voitures/batterie-auto-s4029-m11-12v-95ah-830a-bosch/"
43,"BOSCH S4028 D31R M11G 12V 95 Ah 830 A BATTERIE DE VOITURE",1700.0,BOSCH,"https://batteryshop.ma/wp-content/uploads/2021/05/BOSCH-S4028-300x300.webp","https://batteryshop.ma/shop/batteries-voitures/bosch-s4029-d31r-m11g-12v-95-ah-830-a-batterie-de-voiture/"
44,"VARTA G8 D31R M11G 12V 95 Ah 830 A BATTERIE VOITURE",1700.0,VARTA,"https://batteryshop.ma/wp-content/uploads/2021/05/VARTA-G8-1-300x300.webp","https://batteryshop.ma/shop/batteries-voitures/varta-g8-d31r-m11g-12v-95-ah-830-a-batterie-voiture/"
45,"VARTA G7 D31 M11D 12V 95 Ah 830 A BATTERIE VOITURE",1700.0,VARTA,"https://batteryshop.ma/wp-content/uploads/2021/05/batterie-varta-g7-300x300.webp","https://batteryshop.ma/shop/batteries-voitures/varta-g7-d31-m11d-12v-95-ah-830-a-batterie-voiture/"
46,"EXIDE EL800 L4 EFB START STOP 12 V 80 Ah 720 A BATTERIE VOITURE",1680.0,EXIDE,"https://batteryshop.ma/wp-content/uploads/2021/05/EXIDE-EL800-L4-EFB-START-STOP-300x300.webp","https://batteryshop.ma/shop/batteries-voitures/exide-el800-l4-efb-start-stop-12-v-80-ah-720-a-batterie-voiture/"
47,"TUDOR TK600 L2 AGM START STOP 12V 60Ah 680A Batterie voiture",1650.0,TUDOR,"https://batteryshop.ma/wp-content/uploads/2025/04/TUDOR-TK600-300x300.jpeg","https://batteryshop.ma/shop/batteries-voitures/tudor-tk600-l2-agm-start-stop-12v-60ah-680a-batterie-voiture/"
48,"EXIDE EK600 L2 AGM START STOP 12V 60Ah 680A Batterie voiture",1650.0,EXIDE,"https://batteryshop.ma/wp-content/uploads/2022/09/EXIDE-EK600-L2-AGM-START-STOP-1-300x300.webp","https://batteryshop.ma/shop/batteries-voitures/exide-ek600-l2-agm-start-stop-12v-60ah-680a-batterie-voiture/"
49,"Duracell Advanced DA95L M11G 12 V 95 Ah 740 A Batterie Voiture",1650.0,DURACELL,"https://batteryshop.ma/wp-content/uploads/2022/06/Duracell-Advanced-DA95L-4-1-300x300.webp","https://batteryshop.ma/shop/batteries-voitures/duracell-advanced-da95l-m11g-12-v-95-ah-680-a-batterie-voiture/"
50,"Duracell Advanced DA95 M11D 12 V 95 Ah 740 A Batterie Voiture",1650.0,DURACELL,"https://batteryshop.ma/wp-content/uploads/2022/06/Duracell-Advanced-DA95-3-4-300x300.webp","https://batteryshop.ma/shop/batteries-voitures/duracell-advanced-da95-m11d-12-v-95-ah-680-a-batterie-voiture/"
51,"EXIDE EL954 D31 M11D EFB START STOP 12V 95 Ah 800 A BATTERIE VOITURE",1650.0,EXIDE,"https://batteryshop.ma/wp-content/uploads/2021/05/EXIDE-EL954-D31-M11D-EFB-START-STOP-3-300x300.webp","https://batteryshop.ma/shop/batteries-voitures/exide-el954-d31-m11d-efb-start-stop-12v-95-ah-800-a-batterie-voiture/"
52,"FREEBATT FB L3 EFB START STOP 12V 70Ah 760A BATTERIE VOITURE",1600.0,FREEBATT,"https://batteryshop.ma/wp-content/uploads/2025/05/Freebatt-217212-L3-EFB-1000x1000-150p-300x300.png","https://batteryshop.ma/shop/batteries-voitures/freebatt-fb-l3-efb-start-stop-12v-70ah-760a-batterie-voiture/"
53,"VTPOWER VT70AGM L3 AGM START STOP 12V 70Ah 760A BATTERIE AUTO",1600.0,VTPOWER,"https://batteryshop.ma/wp-content/uploads/2025/04/vt70agm-removebg-preview-e1744297994374-300x300.png","https://batteryshop.ma/shop/batteries-voitures/vtpowerl-vt70agm-l3-agm-start-stop-12v-70ah-760a-batterie-auto/"
54,"FIAMM TR760 FM L3 EFB 70 AH 760 A BATTERIE VOITURE",1600.0,FIAMM,"https://batteryshop.ma/wp-content/uploads/2025/04/FIAMM-L3-EFB-300x300.jpeg","https://batteryshop.ma/shop/batteries-voitures/fiamm-tr760-fm-l3-efb-70-ah-760-a-batterie-voiture/"
55,"FIAMM M11D FM M11D 12V 95 AH 760 A BATTERIE VOITURE",1600.0,FIAMM,"https://batteryshop.ma/wp-content/uploads/2025/04/FIAMM-M11D-300x300.jpg","https://batteryshop.ma/shop/batteries-voitures/fiamm-m11d-fm-m11d-12v-95-ah-760-a-batterie-voiture/"
56,"FIAMM M11G FM M11G 12V 95 AH 760 A BATTERIE VOITURE",1600.0,FIAMM,"https://batteryshop.ma/wp-content/uploads/2025/04/FIAMM-M11G-300x300.jpg","https://batteryshop.ma/shop/batteries-voitures/fiamm-m11g-fm-m11g-12v-95-ah-760-a-batterie-voiture/"
57,"FIAMM L5 PRO FM L5 PRO 12V 100A 870A BATTERIE VOITURE",1600.0,FIAMM,"https://batteryshop.ma/wp-content/uploads/2025/04/FIAMM-L5-PRO-300x300.jpg","https://batteryshop.ma/shop/batteries-voitures/fiamm-l5-pro-fm-l5-pro-12v-100a-870a-batterie-voiture/"
58,"EXIDE EL752 LB4 EFB START STOP 12V 75Ah 730A Batterie voiture",1600.0,EXIDE,"https://batteryshop.ma/wp-content/uploads/2023/06/EXIDE-EL752-LB4-EFB-START-STOP-3-300x300.webp","https://batteryshop.ma/shop/batteries-voitures/exide-el752-lb4-efb-start-stop-12v-75ah-730a-batterie-voiture/"
59,"TUDOR L3 EFB TL700 – 70 AH 720A BATTERIE Voiture",1580.0,TUDOR,"https://batteryshop.ma/wp-content/uploads/2021/12/TUDOR-L3-EFB-300x300.webp","https://batteryshop.ma/shop/batteries-voitures/tudor-l3-efb-tl700-70-ah-720a-batterie-voiture/"
60,"EXIDE EL700 L3 EFB START STOP 12 V 70 Ah 720 A BATTERIE VOITURE",1580.0,EXIDE,"https://batteryshop.ma/wp-content/uploads/2021/05/EXIDE-EL700-L3-EFB-START-STOP-300x300.webp","https://batteryshop.ma/shop/batteries-voitures/exide-el700-l3-efb-start-stop-12-v-70-ah-720-a-batterie-voiture/"
61,"FREEBATT FB L5 12V 100Ah 830A BATTERIE VOITURE",1550.0,FREEBATT,"https://batteryshop.ma/wp-content/uploads/2025/05/Freebatt-L5-Layout-0-217350-1000x1000-150p-300x300.png","https://batteryshop.ma/shop/batteries-voitures/freebatt-fb-l5-12v-100ah-830a-batterie-voiture/"
62,"TUDOR TA1000 L5 12V 100 Ah 900 A BATTERIE VOITURE",1550.0,TUDOR,"https://batteryshop.ma/wp-content/uploads/2025/04/TUDOR-TA1000-300x300.jpeg","https://batteryshop.ma/shop/batteries-voitures/tudor-ta1000-l5-12v-100-ah-900-a-batterie-voiture/"
63,"TUDOR M11 EFB TL954 ‐ 95Ah 800A",1550.0,TUDOR,"https://batteryshop.ma/wp-content/uploads/2022/07/TUDOR-M11-EFB-TL954-95Ah-800A-300x300.webp","https://batteryshop.ma/shop/batteries-voitures/tudor-m11-efb-tl954-%e2%80%90-95ah-800a/"
64,"VARTA F6 L5 12V 90 Ah 720 A BATTERIE VOITURE",1550.0,VARTA,"https://batteryshop.ma/wp-content/uploads/2021/05/VARTA-F6-L5-300x300.webp","https://batteryshop.ma/shop/batteries-voitures/varta-f6-l5-12v-90-ah-720-a-batterie-voiture/"
65,"EXIDE EA1000 L5 12V 100Ah 900 A BATTERIE VOITURE",1550.0,EXIDE,"https://batteryshop.ma/wp-content/uploads/2021/05/EXIDE-EA-1000-L5-1-300x300.webp","https://batteryshop.ma/shop/batteries-voitures/exide-ea1000-l5-12v-100ah-900-a-batterie-voiture/"
66,"EXIDE EL1000 L5 EFB START STOP 12V 100Ah 900 A BATTERIE VOITURE",1550.0,EXIDE,"https://batteryshop.ma/wp-content/uploads/2021/05/EXIDE-EL1000-L5-EFB-START-STOP-1-300x300.webp","https://batteryshop.ma/shop/batteries-voitures/exide-el1000-l5-efb-start-stop-12v-100ah-900-a-batterie-voiture/"
67,"TODOR L4 EFB TL752-75AH 730A BASSE BATTERIE Voiture",1540.0,Autre,"https://batteryshop.ma/wp-content/uploads/2021/11/TODOR-L4-EFB-1-300x300.webp","https://batteryshop.ma/shop/batteries-voitures/todor-l4-efb-tl752-75ah-730a-basse-batterie-voiture/"
68,"Duracell Advanced DA80 LB4 12 V 80 Ah 750 A Batterie Voiture",1500.0,DURACELL,"https://batteryshop.ma/wp-content/uploads/2022/06/Duracell-Advanced-DA80-1-300x300.webp","https://batteryshop.ma/shop/batteries-voitures/duracell-advanced-da80-l4-12-v-80-ah-750-a-batterie-voiture/"
69,"VARTA E44 L3 12V 77 Ah 780 A BATTERIE VOITURE",1500.0,VARTA,"https://batteryshop.ma/wp-content/uploads/2021/05/VARTA-E44-L3-2-300x300.webp","https://batteryshop.ma/shop/batteries-voitures/varta-e44-l3-12v-77-ah-780-a-batterie-voiture/"
70,"FREEBATT FB M11G 12V 95Ah 830A BATTERIE VOITURE",1450.0,FREEBATT,"https://batteryshop.ma/wp-content/uploads/2025/05/Freebatt-D31-Layout-1-217284-1000x1000-150p-300x300.png","https://batteryshop.ma/shop/batteries-voitures/freebatt-fb-m11g-12v-95ah-830a-batterie-voiture/"
71,"FREEBATT FB M11D 12V 95Ah 830A BATTERIE VOITURE",1450.0,FREEBATT,"https://batteryshop.ma/wp-content/uploads/2025/05/Freebatt-D31-Layout-0-217283-1000x1000-150p-300x300.png","https://batteryshop.ma/shop/batteries-voitures/freebatt-fb-m11d-12v-95ah-830a-batterie-voiture/"
72,"FIAMM VR200 12 V 12 AH 200 A BATTERIE AUXILLIAIRE",1450.0,FIAMM,"https://batteryshop.ma/wp-content/uploads/2025/04/FIAMM-VR200-300x300.jpg","https://batteryshop.ma/shop/batteries-motos/fiamm-vr200-12-v-12-ah-200-a-batterie-auxilliaire/"
73,"Batterie auto S4010 L4 12V 80Ah/740A BOSCH",1450.0,BOSCH,"https://batteryshop.ma/wp-content/uploads/2022/09/Batterie-auto-S4010-300x300.webp","https://batteryshop.ma/shop/batteries-voitures/batterie-auto-s4010-l4-12v-80ah-740a-bosch/"
74,"VARTA F17 LB4 12V 80 Ah 740 A BATTERIE VOITURE",1450.0,VARTA,"https://batteryshop.ma/wp-content/uploads/2021/05/VARTA-F17-LB4-1-300x300.webp","https://batteryshop.ma/shop/batteries-voitures/varta-f17-lb4-12v-80-ah-740-a-batterie-voiture/"
75,"Batterie auto S5008 12V 77Ah / 780 BOSCH L3",1420.0,BOSCH,"https://batteryshop.ma/wp-content/uploads/2022/09/Batterie-auto-S5008-300x300.webp","https://batteryshop.ma/shop/batteries-voitures/batterie-auto-s5008-12v-77ah-780-bosch-l3/"
76,"FIAMM VR170 12 V 10 AH 170 A BATTERIE AUXILLIAIRE",1400.0,FIAMM,"https://batteryshop.ma/wp-content/uploads/2025/04/FIAMM-VR170-300x300.avif","https://batteryshop.ma/shop/batteries-motos/fiamm-vr170-12-v-10-ah-170-a-batterie-auxilliaire/"
77,"FIAMM TR600 FM L2 EFB 12V 60 AH 600 A BATTERIE VOITURE",1400.0,FIAMM,"https://batteryshop.ma/wp-content/uploads/2025/04/FIAMM-L2-EFB-300x300.jpg","https://batteryshop.ma/shop/batteries-voitures/fiamm-tr600-fm-l2-efb-12v-60-ah-600-a-batterie-voiture/"
78,"TUDOR TK151 AGM START STOP 12V 15 Ah 200 A BATTERIE AUXILIAIRE VOITURE",1400.0,TUDOR,"https://batteryshop.ma/wp-content/uploads/2025/04/TUDOR-TK151-300x300.png","https://batteryshop.ma/shop/batteries-motos/tudor-tk151-agm-start-stop-12v-15-ah-200-a-batterie-auxiliaire-voiture/"
79,"EXIDE EK151 AGM START STOP 12V 15 Ah 200 A BATTERIE AUXILIAIRE VOITURE",1400.0,EXIDE,"https://batteryshop.ma/wp-content/uploads/2021/05/EXIDE-EK151-AGM-START-STOP-300x300.webp","https://batteryshop.ma/shop/batteries-voitures/exide-ek151-agm-start-stop-12v-15-ah-200-a-batterie-auxiliaure-voiture/"
80,"EXIDE EL600 L2 EFB START STOP 12 V 60 Ah 640 A BATTERIE VOITURE",1400.0,EXIDE,"https://batteryshop.ma/wp-content/uploads/2021/05/EXIDE-EL600-L2-EFB-START-STOP-1-300x300.webp","https://batteryshop.ma/shop/batteries-voitures/exide-el600-l2-efb-start-stop-12-v-60-ah-640-a-batterie-voiture/"
81,"Batterie auto BOSCH S4008 L3 12V 74ah / 680A",1380.0,BOSCH,"https://batteryshop.ma/wp-content/uploads/2022/09/Batterie-auto-BOSCH-S4008-300x300.webp","https://batteryshop.ma/shop/batteries-voitures/batterie-auto-bosch-s4008-l3-12v-74ah-680a/"
82,"VARTA E11 L3 12V 74 Ah 680 A BATTERIE VOITURE",1380.0,VARTA,"https://batteryshop.ma/wp-content/uploads/2021/05/VARTA-E11-L3-300x300.webp","https://batteryshop.ma/shop/batteries-voitures/varta-e11-l3-12v-74-ah-680-a-batterie-voiture/"
83,"TUDOR TA852 LB4 12V 85 Ah 800 A BATTERIE VOITURE",1350.0,TUDOR,"https://batteryshop.ma/wp-content/uploads/2025/04/TUDOR-TA852-300x300.webp","https://batteryshop.ma/shop/batteries-voitures/tudor-ta852-lb4-12v-85-ah-800-a-batterie-voiture/"
84,"TUDOR L2 EFB TL600 60AH -640A BATTERIE Voiture",1350.0,TUDOR,"https://batteryshop.ma/wp-content/uploads/2021/11/TUDOR-L2-EFB-1-300x300.webp","https://batteryshop.ma/shop/batteries-voitures/tudor-l2-efb-tl600-60ah-640a-batterie-voiture/"
85,"EXIDE EA852 LB4 12V 85 Ah 800 A BATTERIE VOITURE",1350.0,EXIDE,"https://batteryshop.ma/wp-content/uploads/2021/05/EXIDE-EA852-1-300x300.webp","https://batteryshop.ma/shop/batteries-voitures/exide-ea852-lb4-12v-85-ah-720-a-batterie-voiture/"
86,"EXIDE EB950 L5 12V 95 Ah 800 A BATTERIE VOITURE",1350.0,EXIDE,"https://batteryshop.ma/wp-content/uploads/2021/05/EXIDE-EB950-L5-1-300x300.webp","https://batteryshop.ma/shop/batteries-voitures/exide-eb950-l5-12v-95-ah-800-a-batterie-voiture/"
87,"EXIDE EB954 M11D 12V 95 Ah 720 A BATTERIE VOITURE",1320.0,EXIDE,"https://batteryshop.ma/wp-content/uploads/2022/07/EXIDE-EB954-M11D-300x300.webp","https://batteryshop.ma/shop/batteries-voitures/exide-eb954-m11d-12v-95-ah-720-a-batterie-voiture/"
88,"EXIDE EB955 M11G 12V 95 Ah 720 A BATTERIE VOITURE",1320.0,EXIDE,"https://batteryshop.ma/wp-content/uploads/2021/05/EXIDE-EB955-M11G-1-300x300.webp","https://batteryshop.ma/shop/batteries-voitures/exide-eb955-m11g-12v-95-ah-720-a-batterie-voiture/"
89,"FIAMM LB4 FM LB4 12V 85 AH 760 A BATTERIE VOITURE",1300.0,FIAMM,"https://batteryshop.ma/wp-content/uploads/2025/04/FIAMM-L3-PRO-300x300.png","https://batteryshop.ma/shop/batteries-voitures/fiamm-lb4-fm-lb4-12v-85-ah-760-a-batterie-voiture/"
90,"TUDOR TB950 L5 12V 95 Ah 800 A BATTERIE VOITURE",1300.0,TUDOR,"https://batteryshop.ma/wp-content/uploads/2021/05/TUDOR-TB950-L5-300x300.webp","https://batteryshop.ma/shop/batteries-voitures/tudor-tb950-l5-12v-95-ah-800-a-batterie-voiture/"
91,"BOSCH S4026 D23 M10D 12V 70 AH 630 A BATTERIE DE VOITURE",1280.0,BOSCH,"https://batteryshop.ma/wp-content/uploads/2021/05/S4_026-300x300.jpg","https://batteryshop.ma/shop/batteries-voitures/bosch-s4026-d23-m10d-12v-70-ah-630-a-batterie-de-voiture/"
92,"BOSCH S4027 D23R M10G 12V 70 AH 630 A BATTERIE DE VOITURE",1280.0,BOSCH,"https://batteryshop.ma/wp-content/uploads/2021/05/S4_027-300x300.jpg","https://batteryshop.ma/shop/batteries-voitures/bosch-s4027-d23r-m10g-12v-70-ah-630-a-batterie-de-voiture/"
93,"VARTA E24 D26R M10G 12V 70 Ah 630 A BATTERIE VOITURE",1280.0,VARTA,"https://batteryshop.ma/wp-content/uploads/2021/05/VARTA-E24-300x300.webp","https://batteryshop.ma/shop/batteries-voitures/varta-e24-d26r-m10g-12v-70-ah-630-a-batterie-voiture/"
94,"VARTA E23 D26 M10D 12V 70 Ah 630 A BATTERIE VOITURE",1280.0,VARTA,"https://batteryshop.ma/wp-content/uploads/2021/05/VARTA-E23-300x300.webp","https://batteryshop.ma/shop/batteries-voitures/varta-e23-d26-m10d-12v-70-ah-630-a-batterie-voiture/"
95,"FREEBATT FB LB4 12V 80Ah 740A BATTERIE VOITURE",1250.0,FREEBATT,"https://batteryshop.ma/wp-content/uploads/2025/05/Freebatt-LB4-217345-1000x1000-150p-300x300.png","https://batteryshop.ma/shop/batteries-voitures/freebatt-fb-lb4-12v-80ah-740a-batterie-voiture/"
96,"Duracell Advanced DA72 LB3 72 Ah 660 A Batterie voiture",1250.0,DURACELL,"https://batteryshop.ma/wp-content/uploads/2024/03/Duracell-Advanced-DA72-1-1-300x300.webp","https://batteryshop.ma/shop/batteries-voitures/duracell-advanced-da72/"
97,"LUCAS LS1000 L05 12V 100Ah 850A Batterie Voiture",1250.0,LUCAS,"https://batteryshop.ma/wp-content/uploads/2023/05/LUCAS-LS1000-e1745830154502-300x300.jpg","https://batteryshop.ma/shop/batteries-voitures/batteryshop-lucas-ls1000-l05-12v-100ah-850a/"
98,"FIAMM L3 PRO FM L3 PRO 12V 74AH 680A BATTERIE VOITURE",1200.0,FIAMM,"https://batteryshop.ma/wp-content/uploads/2025/04/FIAMM-L3-PRO-300x300.png","https://batteryshop.ma/shop/batteries-voitures/fiamm-l3-pro-fm-l3-pro-12v-70ah-640a-batterie-voiture/"
99,"TUDOR TB802 LB4 12V 80 Ah 700 A BATTERIE VOITURE",1200.0,TUDOR,"https://batteryshop.ma/wp-content/uploads/2025/04/TUDOR-TB802-300x300.jpg","https://batteryshop.ma/shop/batteries-voitures/tudor-tb802-lb4-12v-80-ah-700-a-batterie-voiture/"
100,"TUDOR TA770 L3 12V 77 Ah 760 A BATTERIE VOITURE",1200.0,TUDOR,"https://batteryshop.ma/wp-content/uploads/2025/04/TUDOR-TA770-300x300.jpg","https://batteryshop.ma/shop/batteries-voitures/tudor-ta770-l3-12v-77-ah-760-a-batterie-voiture/"
101,"EXIDE EXCEL EB802 LB4 12V 80 Ah 700 A BATTERIE VOITURE",1200.0,EXIDE,"https://batteryshop.ma/wp-content/uploads/2021/08/EXIDE-EXCEL-EB802-300x300.webp","https://batteryshop.ma/shop/batteries-voitures/exide-excel-eb802-lb4-12v-80-ah-700-a-batterie-voiture/"
102,"EXIDE EA770 L3 12V 77 Ah 760 A BATTERIE VOITURE",1200.0,EXIDE,"https://batteryshop.ma/wp-content/uploads/2021/05/EXIDE-EA770-1-1-300x300.webp","https://batteryshop.ma/shop/batteries-voitures/exide-ea770-l3-12v-77-ah-760-a-batterie-voiture/"
103,"LUCAS LS802 L4 12 V 80 AH 700 A BATTERIE VOITURE",1150.0,LUCAS,"https://batteryshop.ma/wp-content/uploads/2025/04/LUCAS-LS802-e1745830906986-300x300.jpg","https://batteryshop.ma/shop/batteries-voitures/lucas-ls802-l4-12-v-80-ah-700-a-batterie-voiture/"
104,"Vtpower VT1000 L5 12V 100 Ah 760 A Batterie Auto",1150.0,VTPOWER,"https://batteryshop.ma/wp-content/uploads/2025/04/VT1000-removebg-preview-e1744297816199-300x300.png","https://batteryshop.ma/shop/batteries-voitures/vtpower-vt1000-l5-12v-100-ah-760-a-batterie-auto/"
105,"Duracell Starter DS72 L3 12 V 72 Ah 660 A Batterie Voiture",1150.0,DURACELL,"https://batteryshop.ma/wp-content/uploads/2022/06/Duracell-Starter-DS72-2-300x300.webp","https://batteryshop.ma/shop/batteries-voitures/duracell-starter-ds72-l3-12-v-72-ah-660-a-batterie-voiture/"
106,"FULMEN FB950 L5 12V 95 Ah 800 A BATTERIE VOITURE",1105.0,FULMEN,"https://batteryshop.ma/wp-content/uploads/2021/05/FULMEN-FB950-L5-300x300.webp","https://batteryshop.ma/shop/batteries-voitures/fulmen-fb950-l5-12v-95-ah-800-a-batterie-voiture/"
107,"Vtpower VT802 L4 12V 80 Ah 700 A Batterie Auto",1100.0,VTPOWER,"https://batteryshop.ma/wp-content/uploads/2025/04/VT802-removebg-preview-e1744297208556-300x300.png","https://batteryshop.ma/shop/batteries-voitures/vtpower-vt802-l4-12v-80-ah-700-a-batterie-auto/"
108,"Vtpower VT105 M11 12V 100Ah 720A Batterie Auto",1100.0,VTPOWER,"https://batteryshop.ma/wp-content/uploads/2023/01/Vtpower-VT105-3-1-300x300.webp","https://batteryshop.ma/shop/batteries-voitures/vtpower-vt105-m11-12v-100ah-720a-batterie-auto/"
109,"Vtpower VT104 M11 12V 100Ah 720A Batterie Auto",1100.0,VTPOWER,"https://batteryshop.ma/wp-content/uploads/2023/01/Vtpower-VT104-300x300.webp","https://batteryshop.ma/shop/batteries-voitures/vtpower-vt104-m11-12v-100ah-720a-batterie-auto/"
110,"VARTA C15 L2 12V 56 Ah 480 A (+ GAUCHE) BATTERIE VOITURE",1060.0,VARTA,"https://batteryshop.ma/wp-content/uploads/2021/11/VARTA-C15-L2-2-300x300.webp","https://batteryshop.ma/shop/batteries-voitures/varta-c15-l2-12v-56-ah-480-a-gauche-batterie-automobile/"
111,"VARTA YTX12 AGM 12V 10Ah 150A BATTERIE MOTO",1050.0,VARTA,"https://batteryshop.ma/wp-content/uploads/2025/04/VARTA-YTX12-300x300.jpg","https://batteryshop.ma/shop/batteries-motos/varta-ytx12-agm-12v-10ah-150a-batterie-moto-auxilliaire/"
112,"Batterie auto S4005 L2 12V 60Ah / 540A BOSCH",1050.0,BOSCH,"https://batteryshop.ma/wp-content/uploads/2023/02/Batterie-auto-S4005-L2-1-300x300.webp","https://batteryshop.ma/shop/batteries-voitures/batterie-auto-s4005-l2-12v-60ah-540a-bosch/"
113,"Vtpower VT950 L5 12V 95Ah 720A Batterie Auto",1050.0,VTPOWER,"https://batteryshop.ma/wp-content/uploads/2023/01/Vtpower-VT950-2-300x300.webp","https://batteryshop.ma/shop/batteries-voitures/vtpower-vt950-l5-12v-95ah-720a-batterie-auto/"
114,"EXIDE PREMIUM L2 EA640 64 AH 640A BATTERIE Voiture",1050.0,EXIDE,"https://batteryshop.ma/wp-content/uploads/2021/12/EXIDE-PREMIUM-L2-EA640-64-1-300x300.webp","https://batteryshop.ma/shop/batteries-voitures/l2-exide-premium-64-ah-640-a/"
115,"VARTA D24 L2 12V 60 Ah 540 A  BATTERIE AUTOMOBILE",1050.0,VARTA,"https://batteryshop.ma/wp-content/uploads/2021/11/VARTA-D24-L2-300x300.webp","https://batteryshop.ma/shop/batteries-voitures/varta-d24-l2-12v-60-ah-540-a-batterie-automobile/"
116,"VARTA E9 LB3 12V 70 Ah 640 A BATTERIE VOITURE",1050.0,VARTA,"https://batteryshop.ma/wp-content/uploads/2021/08/VARTA-E9-1-1-300x300.webp","https://batteryshop.ma/shop/batteries-voitures/varta-e9-lb3-12v-70-ah-640-a-batterie-voiture/"
117,"EXIDE EB740 L3 12V 74 Ah 680 A BATTERIE VOITURE",1050.0,EXIDE,"https://batteryshop.ma/wp-content/uploads/2021/05/EXIDE-EB740-L3-3-300x300.webp","https://batteryshop.ma/shop/batteries-voitures/exide-eb740-l3-12v-74-ah-680-a-batterie-voiture/"
118,"TUDOR TB740 L3 12 V 74 Ah 680 A BATTERIE VOITURE",1050.0,TUDOR,"https://batteryshop.ma/wp-content/uploads/2021/05/TUDOR-TB740-L3-3-300x300.webp","https://batteryshop.ma/shop/batteries-voitures/tudor-tb740-l3-12-v-74-ah-680-a-batterie-voiture/"
119,"Batterie auto S3008 L3 12V 70Ah / 640A BOSCH",1049.0,BOSCH,"https://batteryshop.ma/wp-content/uploads/2022/09/Batterie-auto-S3008-L3-1-300x300.webp","https://batteryshop.ma/shop/batteries-voitures/batterie-auto-s3008-l3-12v-70ah-640a-bosch/"
120,"VARTA E13 L3 12V 70 Ah 640 A BATTERIE VOITURE",1049.0,VARTA,"https://batteryshop.ma/wp-content/uploads/2021/05/VARTA-E13-L3-300x300.webp","https://batteryshop.ma/shop/batteries-voitures/varta-e13-l3-12v-70-ah-640-a-batterie-voiture/"
121,"EXIDE EA722 L3 12V 72 Ah 720 A BATTERIE VOITURE",1030.0,EXIDE,"https://batteryshop.ma/wp-content/uploads/2021/05/EXIDE-EA722-L3-6-300x300.webp","https://batteryshop.ma/shop/batteries-voitures/exide-ea722-l3-12v-72-ah-720-a-batterie-voiture/"
122,"Duracell Starter DS62 L2 12V 62Ah 510A batterie voiture",1020.0,DURACELL,"https://batteryshop.ma/wp-content/uploads/2024/03/Duracell-Starter-DS62-2-300x300.webp","https://batteryshop.ma/shop/batteries-voitures/duracell-starter-ds62-12v-62ah-510a/"
123,"Batterie auto BOSCH S4006 L2 12V 60Ah / 540A",1000.0,BOSCH,"https://batteryshop.ma/wp-content/uploads/2022/09/Batterie-auto-BOSCH-S4006-2-300x300.webp","https://batteryshop.ma/shop/batteries-voitures/batterie-auto-bosch-s4006-l2-12v-60ah-540a-a-gauche/"
124,"EXIDE EXCELL EB705 M10G 12V 70Ah 540A 12V BATERIE VOITURE",1000.0,EXIDE,"https://batteryshop.ma/wp-content/uploads/2021/08/EXIDE-EXCELL-EB705-5-300x300.webp","https://batteryshop.ma/shop/batteries-voitures/exide-excell-eb705-m10g-12v-70ah-540a-12v-baterie-voiture/"
125,"EXIDE EXCELL EB704 M10D 12V 70Ah 540A 12V BATERIE VOITURE",1000.0,EXIDE,"https://batteryshop.ma/wp-content/uploads/2021/08/EXIDE-EXCELL-EB704-3-300x300.webp","https://batteryshop.ma/shop/batteries-voitures/exide-excell-eb704-m10d-12v-70ah-540a-12v-baterie-voiture/"
126,"VARTA C11 LB2 12V 53 Ah 470 A (BASSE) BATTERIE VOITURE",980.0,VARTA,"https://batteryshop.ma/wp-content/uploads/2021/11/VARTA-C11-LB2-1-300x300.webp","https://batteryshop.ma/shop/batteries-voitures/varta-c11-lb2-12v-53-ah-400-a-basse-batterie-voiture/"
127,"TUDOR TK131 AGM START STOP 12V 12Ah 200A BATTERIE AUXILIAIRE VOITURE",950.0,TUDOR,"https://batteryshop.ma/wp-content/uploads/2025/04/TUDOR-TK131-300x300.jpeg","https://batteryshop.ma/shop/batteries-voitures/tudor-tk131-agm-start-stop-12v-12-ah-200-a-batterie-auxiliaire-voiture/"
128,"EXIDE EK131 AGM START STOP 12V 13 Ah 200 A Batterie auxiliaire voiture",950.0,EXIDE,"https://batteryshop.ma/wp-content/uploads/2022/09/EXIDE-EK131-AGM-1-300x300.webp","https://batteryshop.ma/shop/batteries-voitures/exide-ek131-agm-start-stop-12v-13-ah-200-a-batterie-auxiliaire-voiture/"
129,"Batterie auto S3005 L2 12V 56Ah / 480A BOSCH",950.0,BOSCH,"https://batteryshop.ma/wp-content/uploads/2022/09/Batterie-auto-S3005-300x300.webp","https://batteryshop.ma/shop/batteries-voitures/batterie-auto-s3005-l2-12v-56ah-480a-bosch/"
130,"VARTA C14 L2 12V 56 Ah 480 A BATTERIE VOITURE",950.0,VARTA,"https://batteryshop.ma/wp-content/uploads/2021/05/VARTA-C14-L2-300x300.webp","https://batteryshop.ma/shop/batteries-voitures/varta-c14-l2-12v-56-ah-480-a-batterie-voiture/"
131,"TUDOR TC700 L3 12 V 70 Ah 640 A BATTERIE VOITURE",950.0,TUDOR,"https://batteryshop.ma/wp-content/uploads/2021/05/TUDOR-TC700-L3-1-300x300.webp","https://batteryshop.ma/shop/batteries-voitures/tudor-tc700-l3-12-v-70-ah-640-a-batterie-voiture/"
132,"TUDOR TB712 L3 12 V 71 Ah 670 A ( BASSE) BATTERIE VOITURE",940.0,TUDOR,"https://batteryshop.ma/wp-content/uploads/2021/11/TUDOR-TB712-L3-1-300x300.webp","https://batteryshop.ma/shop/batteries-voitures/tudor-tb712-l3-12-v-71-ah-670-a-basse-batterie-voiture/"
133,"VARTA B32 B24R NS60D 12V 45 Ah 330 A BATTERIE VOITURE",940.0,VARTA,"https://batteryshop.ma/wp-content/uploads/2021/05/VARTA-B32-1-300x300.webp","https://batteryshop.ma/shop/batteries-voitures/varta-b32-b24r-ns60d-12v-45-ah-330-a-batterie-voiture/"
134,"FREEBATT FB L3 12V 70Ah 640A BATTERIE VOITURE",920.0,FREEBATT,"https://batteryshop.ma/wp-content/uploads/2025/05/Freebatt-L3-Layout-0-217341-1000x1000-150p-300x300.png","https://batteryshop.ma/shop/batteries-voitures/freebatt-fb-l3-12v-70ah-640a-batterie-voiture/"
135,"FIAMM L3 FM L3 12 V 70 AH 600 A BATTERIE VOITURE",900.0,FIAMM,"https://batteryshop.ma/wp-content/uploads/2025/04/FIAMM-L3-300x300.jpg","https://batteryshop.ma/shop/batteries-voitures/fiamm-l3-fm-l3-12-v-70-ah-600-a-batterie-voiture/"
136,"VARTA B31 E2 12V 45 Ah 300 A BATTERIE VOITURE",900.0,VARTA,"https://batteryshop.ma/wp-content/uploads/2025/04/VARTA-B31-300x300.jpg","https://batteryshop.ma/shop/batteries-voitures/varta-b31-e2-12v-45-ah-300-a-batterie-voiture/"
137,"VARTA A15 NS40 12V 40 Ah 330 A BATTERIE VOITURE",900.0,VARTA,"https://batteryshop.ma/wp-content/uploads/2025/04/VARTA-A15-300x300.png","https://batteryshop.ma/shop/batteries-voitures/varta-a15-ns40-12v-40-ah-330-a-batterie-voiture/"
138,"VARTA B34 12V 45Ah 330A Batterie voiture",900.0,VARTA,"https://batteryshop.ma/wp-content/uploads/2022/10/VARTA-B34-2-300x300.webp","https://batteryshop.ma/shop/batteries-voitures/varta-b34-12v-45ah-330a-batterie-voiture/"
139,"FULMEN FB740 L3 12V 74 Ah 680 A BATTERIE VOITURE",900.0,FULMEN,"https://batteryshop.ma/wp-content/uploads/2021/05/FULMEN-FB740-L3-300x300.webp","https://batteryshop.ma/shop/batteries-voitures/fulmen-fb740-l3-12v-74-ah-680-a-batterie-voiture/"
140,"VARTA B23 E2D 12V 45 Ah 300A BATTERIE VOITURE",900.0,VARTA,"https://batteryshop.ma/wp-content/uploads/2021/05/VARTA-B23-2-300x300.webp","https://batteryshop.ma/shop/batteries-voitures/varta-b23-e2d-12v-45-ah-300a-batterie-voiture/"
141,"EXIDE EC700 L3 12V 70 Ah 640 A BATTERIE VOITURE",900.0,EXIDE,"https://batteryshop.ma/wp-content/uploads/2021/05/EXIDE-EC700-L3-300x300.webp","https://batteryshop.ma/shop/batteries-voitures/exide-ec700-l3-12v-70-ah-640-a-batterie-voiture/"
142,"FIAMM L2 FM L2 12 V 60 AH 510 A BATTERIE VOITURE",880.0,FIAMM,"https://batteryshop.ma/wp-content/uploads/2025/04/FIAMM-L2-300x300.jpg","https://batteryshop.ma/shop/batteries-voitures/fiamm-l2-fm-l2-12-v-60-ah-510-a-batterie-voiture/"
143,"EXIDE EB620 L2 12 V 62 Ah, 540 A BATTERIE VOITURE",880.0,EXIDE,"https://batteryshop.ma/wp-content/uploads/2021/05/EXID-EB620-L2-1-300x300.webp","https://batteryshop.ma/shop/batteries-voitures/exide-eb620-l2-12-v-62-ah-540-a-batterie-voiture-2/"
144,"TUDOR TB620 L2 12 V 62 Ah 540 A BATTERIE VOITURE",880.0,TUDOR,"https://batteryshop.ma/wp-content/uploads/2021/05/TUDOR-TB620-3-300x300.webp","https://batteryshop.ma/shop/batteries-voitures/tudor-tb620-l2-12-v-62-ah-540-a-batterie-voiture/"
145,"BATTERIE VOITURE VARTA B18 12V 44 Ah 440 A",860.0,VARTA,"https://batteryshop.ma/wp-content/uploads/2022/07/BATTERIE-VOITURE-VARTA-B18-5-300x300.webp","https://batteryshop.ma/shop/batteries-voitures/batterie-voiture-varta-b18-12v-44-ah-440-a/"
146,"AD AD70 L3 AD L3 12 V 70 Ah 600 A BATTERIE VOITURE",850.0,AD,"https://batteryshop.ma/wp-content/uploads/2025/04/AD-AD70-e1744294725745-300x300.jpg","https://batteryshop.ma/shop/batteries-voitures/ad-ad70-l3-ad-l3-12-v-70-ah-600-a-batterie-voiture/"
147,"EXIDE AGM12-10 12V 10 Ah 150 A BATTERIE MOTO/ Auxiliaire",850.0,EXIDE,"https://batteryshop.ma/wp-content/uploads/2025/04/EXIDE-AGM-12-10-300x300.jpg","https://batteryshop.ma/shop/batteries-motos/exide-agm12-10-12v-10-ah-150-a-batterie-moto-auxiliaire/"
148,"VARTA A13 NS40 12V 40 Ah 330 A BATTERIE VOITURE",850.0,VARTA,"https://batteryshop.ma/wp-content/uploads/2025/04/VARTA-A13-300x300.png","https://batteryshop.ma/shop/batteries-voitures/varta-a13-ns40-12v-40-ah-330-a-batterie-voiture/"
149,"Lucas LS750 L03 12V 75 Ah 650A Batterie Voiture",850.0,LUCAS,"https://batteryshop.ma/wp-content/uploads/2023/05/Lucas-LS750-e1745834810512-300x300.jpg","https://batteryshop.ma/shop/batteries-voitures/lucas-ls750-l03-12v-75-ah-650a-batterie-voiture/"
150,"Vtpower VT740 L3 12V 74Ah 680A Batterie Auto",850.0,VTPOWER,"https://batteryshop.ma/wp-content/uploads/2023/01/Vtpower-VT740-300x300.webp","https://batteryshop.ma/shop/batteries-voitures/vtpower-vt740-l3-12v-74ah-680a-batterie-auto-2/"
151,"Vtpower VT725 M10 12V 72Ah 560A Batterie Auto",850.0,VTPOWER,"https://batteryshop.ma/wp-content/uploads/2023/01/Vtpower-VT725-300x300.webp","https://batteryshop.ma/shop/batteries-voitures/vtpower-vt725-m10-12v-72ah-560a-batterie-auto/"
152,"Vtpower VT724 M10 12V 72Ah 560A Batterie Auto",850.0,VTPOWER,"https://batteryshop.ma/wp-content/uploads/2023/01/Vtpower-VT724-300x300.webp","https://batteryshop.ma/shop/batteries-voitures/vtpower-vt724-m10-12v-72ah-560a-batterie-auto/"
153,"Batterie auto S3002 L1 12V 45Ah / 400A BOSCH",850.0,BOSCH,"https://batteryshop.ma/wp-content/uploads/2022/09/Batterie-auto-S3002-1-300x300.webp","https://batteryshop.ma/shop/batteries-voitures/batterie-auto-s3002-l1-12v-45ah-400a-bosch/"
154,"TUDOR TC440 L1 12V 44Ah 360A BATTERIE DE VOITURE",850.0,TUDOR,"https://batteryshop.ma/wp-content/uploads/2021/05/TUDOR-TC440-2-300x300.webp","https://batteryshop.ma/shop/batteries-voitures/tudor-tc440-l1-12v-44ah-360a-batterie-de-voiture/"
155,"VARTA A14 NS40 12V 40 Ah 330 A BATTERIE VOITURE",850.0,VARTA,"https://batteryshop.ma/wp-content/uploads/2021/05/VARTA-A14-1-300x300.webp","https://batteryshop.ma/shop/batteries-voitures/varta-a14-ns40-12v-40-ah-330-a-batterie-voiture/"
156,"VARTA A15 NS40 12V 40Ah 330A Batterie voiture",845.0,VARTA,"https://batteryshop.ma/wp-content/uploads/2022/10/VARTA-A15-300x300.webp","https://batteryshop.ma/shop/batteries-voitures/varta-a15-ns40-12v-40ah-330a-batterie-voiture/"
157,"Duracell Advanced DA44 L1 12V 44Ah 420A Batterie voiture",840.0,DURACELL,"https://batteryshop.ma/wp-content/uploads/2024/03/Duracell-Advanced-DA44-1-300x300.webp","https://batteryshop.ma/shop/batteries-voitures/duracell-advanced-da44-12v-44ah-420aen/"
158,"EXIDE EA530 L1 12V 53Ah 540A Batterie voiture",840.0,EXIDE,"https://batteryshop.ma/wp-content/uploads/2022/09/EXIDE-EA530-3-300x300.webp","https://batteryshop.ma/shop/batteries-voitures/exide-ea530-l1-12v-53ah-540a-batterie-voiture/"
159,"VARTA B19 L1 12V 45 Ah 400 A BATTERIE VOITURE",840.0,VARTA,"https://batteryshop.ma/wp-content/uploads/2021/05/VARTA-B19-L1-300x300.webp","https://batteryshop.ma/shop/batteries-voitures/varta-b19-l1-12v-45-ah-400-a-batterie-voiture/"
160,"FREEBATT FB L2 12V 56Ah 480A BATTERIE VOITURE",820.0,FREEBATT,"https://batteryshop.ma/wp-content/uploads/2025/05/FREEBATT-FB-L2-300x300.png","https://batteryshop.ma/shop/batteries-voitures/freebatt-fb-l2-12v-56ah-480a-batterie-voiture/"
161,"Duracell Advanced DA40 NS40 12 V 40 Ah 320 A Batterie Voiture",820.0,DURACELL,"https://batteryshop.ma/wp-content/uploads/2022/06/Duracell-Advanced-DA40-300x300.webp","https://batteryshop.ma/shop/batteries-voitures/duracell-advanced-da40-ns40-12-v-40-ah-320-a-batterie-voiture/"
162,"FULMEN FC700 L3 12 V 70 Ah 640 A BATTERIE VOITURE",810.0,FULMEN,"https://batteryshop.ma/wp-content/uploads/2021/05/FULMEN-FC700-L3-2-300x300.webp","https://batteryshop.ma/shop/batteries-voitures/fulmen-fc700-l3-12-v-70-ah-700-a-batterie-voiture/"
163,"FIAMM E2 FM E2 12V 45 AH 330 A BATTERIE VOITURE",800.0,FIAMM,"https://batteryshop.ma/wp-content/uploads/2025/04/FIAMM-E2-300x300.jpg","https://batteryshop.ma/shop/batteries-voitures/fiamm-e2-fm-e2-12v-45-ah-330-a-batterie-voiture/"
164,"Vtpower VT700 L3 12V 70Ah 640A Batterie Auto",800.0,VTPOWER,"https://batteryshop.ma/wp-content/uploads/2023/01/Vtpower-VT700-1-300x300.webp","https://batteryshop.ma/shop/batteries-voitures/vtpower-vt700-l3-12v-70ah-640a-batterie-auto/"
165,"Batterie auto NS40 S4018 12V 40ah / 330A BOSCH",800.0,BOSCH,"https://batteryshop.ma/wp-content/uploads/2022/09/Batterie-auto-NS40-S4018-1-300x300.webp","https://batteryshop.ma/shop/batteries-voitures/batterie-auto-ns40-s4018-12v-40ah-330a-bosch-a-droite-bornes-asiatiques/"
166,"Batterie auto NS40 S4030 12V 40ah / 330A BOSCH",800.0,BOSCH,"https://batteryshop.ma/wp-content/uploads/2022/09/Batterie-auto-NS40-S4030-300x300.webp","https://batteryshop.ma/shop/batteries-voitures/batterie-auto-ns40-s4030-12v-40ah-330a-bosch-a-droite-bornes-asiatiques/"
167,"Batterie VARTA A13 Blue Dynamic 12V 40Ah",800.0,VARTA,"https://batteryshop.ma/wp-content/uploads/2022/07/Batterie-VARTA-A13-1-300x300.webp","https://batteryshop.ma/shop/batteries-voitures/batterie-varta-a13-blue-dynamic-12v-40ah/"
168,"EXIDE EC550 L2 12V 55Ah 460 A BATTERIE DE VOITURE",800.0,EXIDE,"https://batteryshop.ma/wp-content/uploads/2021/05/EXIDE-EC550-1-300x300.webp","https://batteryshop.ma/shop/batteries-voitures/exide-ec550-l2-12v-55ah-460-a-batterie-de-voiture/"
169,"EXIDE EXCELL EB450 E2 12V 45 Ah 330A BATTERIE VOITURE",780.0,EXIDE,"https://batteryshop.ma/wp-content/uploads/2022/09/EXIDE-EXCELL-EB450-3-300x300.webp","https://batteryshop.ma/shop/batteries-voitures/exide-excell-eb450-lb4-12v-45-ah-330a-batterie-voiture/"
170,"FIAMM NS40 E1 FM NS40 12V 40AH 360A BATTERIE VOITURE",750.0,FIAMM,"https://batteryshop.ma/wp-content/uploads/2025/04/Commandez-votreFIAMM-NS40-E1-e1744113407449-300x300.png","https://batteryshop.ma/shop/batteries-voitures/fiamm-ns40-e1-fm-ns40-12v-40ah-360a-batterie-voiture/"
171,"FIAMM L1 FM L1 12 V 44 AH 360 A BATTERIE VOITURE",750.0,FIAMM,"https://batteryshop.ma/wp-content/uploads/2025/04/FIAMM-L1-300x300.jpg","https://batteryshop.ma/shop/batteries-voitures/fiamm-l1-12-v-44-ah-360-a-batterie-voiture/"
172,"Lucas LS620 L0212V 62Ah 540A Batterie Voiture",750.0,LUCAS,"https://batteryshop.ma/wp-content/uploads/2023/05/Lucas-LS620-e1745829454806-300x300.jpg","https://batteryshop.ma/shop/batteries-voitures/batteryshop-lucas-ls620-l02-12v-62ah-540a/"
173,"EXIDE EC652 LB3 12 V 65 Ah 540 A BATTERIE VOITURE",732.0,EXIDE,"https://batteryshop.ma/wp-content/uploads/2021/05/EXIDE-EC652-LB3-300x300.webp","https://batteryshop.ma/shop/batteries-voitures/exide-ec652-lb3-12-v-65-ah-540-a-batterie-voiture/"
174,"TUDOR TA406 B19 12V 40 Ah 350 A BATTERIE VOITURE",720.0,TUDOR,"https://batteryshop.ma/wp-content/uploads/2025/04/TUDOR-TA406-300x300.jpg","https://batteryshop.ma/shop/batteries-voitures/tudor-ta406-b19-12v-40-ah-350-a-batterie-voiture/"
175,"Vtpower VT605 D23 12V 60Ah 540A Batterie Auto",720.0,VTPOWER,"https://batteryshop.ma/wp-content/uploads/woocommerce-placeholder-300x300.png","https://batteryshop.ma/shop/batteries-voitures/vtpower-vt605-d23-12v-60ah-540a-batterie-auto/"
176,"Vtpower VT604 D23 12V 60Ah 540A Batterie Auto",720.0,VTPOWER,"https://batteryshop.ma/wp-content/uploads/woocommerce-placeholder-300x300.png","https://batteryshop.ma/shop/batteries-voitures/vtpower-vt604-d23-12v-60ah-540a-batterie-auto/"
177,"TUDOR TC550 L2 12V 55Ah 460 A BATTERIE DE VOITURE",720.0,TUDOR,"https://batteryshop.ma/wp-content/uploads/2021/05/TUDOR-TC550-1-300x300.webp","https://batteryshop.ma/shop/batteries-voitures/tudor-tc550-l2-12v-55ah-460-a-batterie-de-voiture/"
178,"TUDOR TB442 L1 12V 44 Ah 420 A BATTERIE VOITURE",720.0,TUDOR,"https://batteryshop.ma/wp-content/uploads/2021/05/TUDOR-TB442-2-300x300.webp","https://batteryshop.ma/shop/batteries-voitures/tudor-tb442-l1-12v-44-ah-420-a-batterie-voiture/"
179,"EXIDE EC440 L1 12 V 44 Ah 360 A BATTERIE VOITURE",720.0,EXIDE,"https://batteryshop.ma/wp-content/uploads/2021/05/EXIDE-EC440-L1-2-300x300.webp","https://batteryshop.ma/shop/batteries-voitures/exide-ec440-l1-12-v-44-ah-360-a-batterie-voiture/"
180,"Vtpower VT600 L02 12V 60Ah 540A Batterie Auto",700.0,VTPOWER,"https://batteryshop.ma/wp-content/uploads/2023/01/Vtpower-VT600-1-300x300.webp","https://batteryshop.ma/shop/batteries-voitures/vtpower-vt600-l02-12v-60ah-480a-batterie-auto/"
181,"Vtpower VT454 E2 12V 45Ah 400A Batterie Auto",680.0,VTPOWER,"https://batteryshop.ma/wp-content/uploads/2023/01/VT454-E2-300x300.webp","https://batteryshop.ma/shop/batteries-voitures/vtpower-vt454-e2-12v-45ah-400a-batterie-auto/"
182,"Vtpower VT601 L2 12V 60Ah 480A Batterie Auto",680.0,VTPOWER,"https://batteryshop.ma/wp-content/uploads/woocommerce-placeholder-300x300.png","https://batteryshop.ma/shop/batteries-voitures/vtpower-vt601-l2-12v-60ah-480a-batterie-auto/"
183,"EXIDE EB442 LB1 12V 44 Ah 420 A BATTERIE VOITURE",680.0,EXIDE,"https://batteryshop.ma/wp-content/uploads/2021/05/EXIDE-EB442-1-1-300x300.webp","https://batteryshop.ma/shop/batteries-voitures/exide-eb442-lb1-12v-44-ah-420-a-batterie-voiture/"
184,"EXIDE EXCELL NS40 EB356 12V 35Ah 240A BATTERIE VOITURE",670.0,EXIDE,"https://batteryshop.ma/wp-content/uploads/2021/08/EXIDE-EXCELL-NS40-EB356-1-300x300.webp","https://batteryshop.ma/shop/batteries-voitures/exide-excell-ns40-eb356-12v-35ah-240a-baterie-voiture/"
185,"Lucas LS450 L01 12V 45 Ah 400A Batterie Voiture",650.0,LUCAS,"https://batteryshop.ma/wp-content/uploads/2023/05/LUCAS-LS450-e1745833493441-300x300.jpg","https://batteryshop.ma/shop/batteries-voitures/batteryshop-lucas-ls500-l1-12v-50ah-400a/"
186,"Vtpower VT455 E2 12V 45Ah 400A Batterie Auto",650.0,VTPOWER,"https://batteryshop.ma/wp-content/uploads/woocommerce-placeholder-300x300.png","https://batteryshop.ma/shop/batteries-voitures/vtpower-vt455-e2-12v-45ah-400a-batterie-auto/"
187,"FULMEN FC550 L2 12V 55Ah 460 A BATTERIE DE VOITURE",642.0,FULMEN,"https://batteryshop.ma/wp-content/uploads/2021/05/FULMEN-FC550-L2-3-1-300x300.webp","https://batteryshop.ma/shop/batteries-voitures/fulmen-fc550-l2-12v-55ah-460-a-batterie-de-voiture/"
188,"Vtpower VT406 E1 12V 40Ah 330A Batterie Auto",620.0,VTPOWER,"https://batteryshop.ma/wp-content/uploads/woocommerce-placeholder-300x300.png","https://batteryshop.ma/shop/batteries-voitures/vtpower-vt406-e1-12v-40ah-330a-batterie-auto/"
189,"Vtpower VT450 L1 12V 45Ah 400A Batterie Auto",620.0,VTPOWER,"https://batteryshop.ma/wp-content/uploads/2023/01/Vtpower-VT450-2-300x300.webp","https://batteryshop.ma/shop/batteries-voitures/vtpower-vt450-l1-12v-45ah-400a-batterie-auto/"
190,"Vtpower VT407 E1 12V 40Ah 330A Batterie Auto",580.0,VTPOWER,"https://batteryshop.ma/wp-content/uploads/woocommerce-placeholder-300x300.png","https://batteryshop.ma/shop/batteries-voitures/vtpower-vt406-e1-12v-40ah-330a-batterie-auto-2/"
191,"FULMEN 207L1 12V 44Ah 360A BATTERIE DE VOITURE",567.0,FULMEN,"https://batteryshop.ma/wp-content/uploads/2021/05/FULMEN-207L1-300x300.webp","https://batteryshop.ma/shop/batteries-voitures/fulmen-fc440-l1-12v-44ah-360a-batterie-de-voiture/"
192,"FULMEN FB442 L1 12V 44 Ah 420 A BATTERIE VOITURE",522.0,FULMEN,"https://batteryshop.ma/wp-content/uploads/2021/05/FULMEN-FB442-L1-3-300x300.webp","https://batteryshop.ma/shop/batteries-voitures/fulmen-fb442-l1-12v-44-ah-420-a-batterie-voiture/"
193,"EXIDE VINTAGE EU77-6 6V 77AH 360A",None,EXIDE,"https://batteryshop.ma/wp-content/uploads/2022/10/EXIDE-VINTAGE-EU77-6-2-300x300.webp","https://batteryshop.ma/shop/batteries-voitures/exide-vintage-eu77-6-6v-77ah-360a/"
194,"VARTA D21 LB2 12V 61Ah 600A Batterie voiture",None,VARTA,"https://batteryshop.ma/wp-content/uploads/2022/10/VARTA-D21-1-300x300.webp","https://batteryshop.ma/shop/batteries-voitures/varta-d21-lb2-12v-61ah-600a-batterie-voiture/"
195,"VARTA D15 L2 12V 63Ah 610A Batterie voiture",None,VARTA,"https://batteryshop.ma/wp-content/uploads/2022/10/VARTA-D15-300x300.webp","https://batteryshop.ma/shop/batteries-voitures/varta-d15-l2-12v-63ah-610a-batterie-voiture-2/"
196,"VARTA C6 LB1 12V 52Ah 520A Batterie voiture",None,VARTA,"https://batteryshop.ma/wp-content/uploads/2022/10/VARTA-C6-300x300.webp","https://batteryshop.ma/shop/batteries-voitures/varta-c6-lb1-12v-52ah-520a-batterie-voiture/"
197,"VARTA B20 L1 12V 45Ah 400A Batterie voiture",None,VARTA,"https://batteryshop.ma/wp-content/uploads/2022/10/VARTA-B20-2-300x300.webp","https://batteryshop.ma/shop/batteries-voitures/varta-b20-l1-12v-45ah-400a-batterie-voiture/"
198,"VARTA A16 L0 12V 40Ah 340A Batterie voiture",None,VARTA,"https://batteryshop.ma/wp-content/uploads/2022/10/VARTA-A16-300x300.webp","https://batteryshop.ma/shop/batteries-voitures/varta-a16-l0-12v-40ah-340a-batterie-voiture/"
199,"VARTA F22 EFB L4 12V 80Ah 730A Batterie voiture",None,VARTA,"https://batteryshop.ma/wp-content/uploads/2022/10/VARTA-F22-EFB-3-300x300.webp","https://batteryshop.ma/shop/batteries-voitures/varta-f22-efb-l4-12v-80ah-730a-batterie-voiture/"
200,"VARTA D54 EFB LB3 12V 65Ah 650A Batterie voiture",None,VARTA,"https://batteryshop.ma/wp-content/uploads/2022/10/VARTA-D54-1-300x300.webp","https://batteryshop.ma/shop/batteries-voitures/varta-d54-efb-lb3-12v-65ah-650a-batterie-voiture/"
201,"VARTA E12 L3 12V 74Ah 680A Batterie voiture",None,VARTA,"https://batteryshop.ma/wp-content/uploads/2022/10/VARTA-E12-4-300x300.webp","https://batteryshop.ma/shop/batteries-voitures/varta-e12-l3-12v-74ah-680a-batterie-voiture/"
202,"VARTA D59 LB2 12V 60Ah 540A Batterie voiture",None,VARTA,"https://batteryshop.ma/wp-content/uploads/2022/10/VARTA-D59-300x300.webp","https://batteryshop.ma/shop/batteries-voitures/varta-d59-l2-12v-60ah-540a-batterie-voiture/"
203,"VARTA D53 EFB L2 12V 60Ah 560A Batterie voiture",None,VARTA,"https://batteryshop.ma/wp-content/uploads/2022/10/VARTA-D53-2-300x300.webp","https://batteryshop.ma/shop/batteries-voitures/varta-d53-efb-l2-12v-60ah-560a-batterie-voiture/"
204,"VARTA D48 12V 60Ah 540A Batterie voiture",None,VARTA,"https://batteryshop.ma/wp-content/uploads/2022/10/VARTA-D48-300x300.webp","https://batteryshop.ma/shop/batteries-voitures/varta-d48-12v-60ah-540a-batterie-voiture/"
205,"VARTA D47 12V 60Ah 540A Batterie voiture",None,VARTA,"https://batteryshop.ma/wp-content/uploads/2022/10/VARTA-D47-2-300x300.webp","https://batteryshop.ma/shop/batteries-voitures/varta-d47-12v-60ah-540a-batterie-voiture/"
206,"VARTA D43 L2 12V 60Ah 540A Batterie voiture",None,VARTA,"https://batteryshop.ma/wp-content/uploads/2022/10/VARTA-D43-4-1-300x300.webp","https://batteryshop.ma/shop/batteries-voitures/varta-d43-l2-12v-60ah-540a-batterie-voiture/"
207,"EXIDE EL652 LB3 EFB START STOP 12V 65Ah 650A Batterie voiture",None,EXIDE,"https://batteryshop.ma/wp-content/uploads/2022/09/EXIDE-EL652-300x300.webp","https://batteryshop.ma/shop/batteries-voitures/exide-el652-lb3-efb-start-stop-12v-65ah-650a-batterie-voiture/"
208,"EXIDE EL604 D23 EFB START STOP 12V 60Ah 520A Batterie voiture",None,EXIDE,"https://batteryshop.ma/wp-content/uploads/2022/09/EXIDE-EL604-300x300.webp","https://batteryshop.ma/shop/batteries-voitures/exide-el604-d23-efb-start-stop-12v-60ah-520a-batterie-voiture/"
209,"EXIDE EK508 AGM START STOP 12V 50Ah 800A Batterie voiture",None,EXIDE,"https://batteryshop.ma/wp-content/uploads/2022/09/EXIDE-EK508-AGM-1-300x300.webp","https://batteryshop.ma/shop/batteries-voitures/exide-ek508-agm-start-stop-12v-50ah-800a-batterie-voiture/"
210,"EXIDE EK091 AGM START STOP 12V 9 Ah 120 A Batterie auxiliaire voiture",None,EXIDE,"https://batteryshop.ma/wp-content/uploads/2022/09/EXIDE-EK091-AGM-1-300x300.webp","https://batteryshop.ma/shop/batteries-voitures/exide-ek091-agm-start-stop-12v-9-ah-120-a-batterie-auxiliaire-voiture/"
211,"EXIDE EXCELL LB5 EB852 12V 85Ah 760A Batterie voiture",None,EXIDE,"https://batteryshop.ma/wp-content/uploads/2022/09/EXIDE-EXCELL-LB5-EB852-1-300x300.webp","https://batteryshop.ma/shop/batteries-voitures/exide-excell-lb5-eb852-12v-85ah-760a-batterie-voiture/"
212,"EXIDE EXCELL L3 EB741 12V 74Ah 680A Batterie voiture",None,EXIDE,"https://batteryshop.ma/wp-content/uploads/2022/09/EXIDE-EXCELL-L3-EB741-2-300x300.webp","https://batteryshop.ma/shop/batteries-voitures/exide-excell-l3-eb741-12v-74ah-680a-batterie-voiture/"
213,"EXIDE EXCELL L2 EB621 12V 62Ah 540A Batterie voiture",None,EXIDE,"https://batteryshop.ma/wp-content/uploads/2022/09/EXIDE-EXCELL-L2-EB621-1-300x300.webp","https://batteryshop.ma/shop/batteries-voitures/exide-excell-l2-eb621-12v-62ah-540a-batterie-voiture/"
214,"EXIDE EXCELL D23 EB605 12V 60Ah 480A Batterie voiture",None,EXIDE,"https://batteryshop.ma/wp-content/uploads/2022/09/EXIDE-EXCELL-D23-EB605-1-1-300x300.webp","https://batteryshop.ma/shop/batteries-voitures/exide-excell-d23-eb605-12v-60ah-480a-batterie-voiture/"
215,"EXIDE EXCELL LB2 EB602 12V 60Ah 540A Batterie voiture",None,EXIDE,"https://batteryshop.ma/wp-content/uploads/2022/09/EXIDE-EXCELL-LB2-EB602-300x300.webp","https://batteryshop.ma/shop/batteries-voitures/exide-excell-lb2-eb602-12v-60ah-540a-batterie-voiture/"
216,"EXIDE EXCELL D20 EB504 12V 50Ah 360A Batterie voiture",None,EXIDE,"https://batteryshop.ma/wp-content/uploads/2022/09/EXIDE-EXCELL-D20-EB504-300x300.webp","https://batteryshop.ma/shop/batteries-voitures/exide-excell-d20-eb504-12v-50ah-360a-batterie-voiture/"
217,"EXIDE EXCELL L1 EB500 12V 50Ah 450A Batterie voiture",None,EXIDE,"https://batteryshop.ma/wp-content/uploads/2022/09/EXIDE-EXCELL-L1-EB500-1-300x300.webp","https://batteryshop.ma/shop/batteries-voitures/exide-excell-l1-eb500-12v-50ah-450a-batterie-voiture-2/"
218,"EXIDE EXCELL B24 EB455 12V 45Ah 330A Batterie voiture",None,EXIDE,"https://batteryshop.ma/wp-content/uploads/2022/09/EXIDE-EXCELL-B24-EB455-2-300x300.webp","https://batteryshop.ma/shop/batteries-voitures/exide-excell-b24-eb455-12v-45ah-330a-batterie-voiture/"
219,"EXIDE EXCELL B24 EB454 12V 45Ah 330A Batterie voiture",None,EXIDE,"https://batteryshop.ma/wp-content/uploads/2022/09/EXIDE-EXCELL-B24-EB454-2-300x300.webp","https://batteryshop.ma/shop/batteries-voitures/exide-excell-b24-eb454-12v-45ah-330a-batterie-voiture/"
220,"EXIDE EXCELL NS40 EB356A 12V 35Ah 240A Batterie voiture",None,EXIDE,"https://batteryshop.ma/wp-content/uploads/2022/09/EXIDE-EXCELL-NS40-EB356A-300x300.webp","https://batteryshop.ma/shop/batteries-voitures/exide-excell-ns40-eb356a-12v-35ah-240a-batterie-voiture/"
221,"EXIDE EA612 LB2 12V 61Ah 600A Batterie voiture",None,EXIDE,"https://batteryshop.ma/wp-content/uploads/2022/09/EXIDE-EA612-300x300.webp","https://batteryshop.ma/shop/batteries-voitures/exide-ea612-lb2-12v-61ah-600a-batterie-voiture/"
222,"EXIDE EA472 LB1 12V 47Ah 450A Batterie voiture",None,EXIDE,"https://batteryshop.ma/wp-content/uploads/2022/09/EXIDE-EA472-1-300x300.webp","https://batteryshop.ma/shop/batteries-voitures/exide-ea472-lb1-12v-47ah-450a-batterie-voiture/"
